{"cameraMode":{"drawMode":0,"name":"Shaded","section":"Shading Mode"},"sceneLighting":false,"audioPlay":false,"sceneViewState":{"showFog":true,"showMaterialUpdate":false,"showSkybox":true,"showFlares":true,"showImageEffects":true,"showParticleSystems":true},"in2DMode":false,"pivot":{"x":4.185891151428223,"y":0.11627697944641113,"z":-0.09795844554901123},"rotation":{"x":0.19694241881370545,"y":-0.5410503149032593,"z":0.13205930590629579,"w":0.8068785667419434},"size":3.457883834838867,"orthographic":false}